cultura,area
tomate,4.0
tomate,4.0
tomate,18.0
soja,12.566370614359172
soja,78.53981633974483
