cultura,area
tomate,25.0
tomate,36.0
tomate,49.0
soja,12.566370614359172
soja,50.26548245743669
soja,113.09733552923255
